id,name,symbol,slug,num_market_pairs,date_added,tags/0,tags/1,tags/2,tags/3,tags/4,tags/5,tags/6,tags/7,tags/8,tags/9,tags/10,tags/11,tags/12,tags/13,tags/14,tags/15,tags/16,tags/17,tags/18,tags/19,tags/20,tags/21,tags/22,tags/23,tags/24,tags/25,tags/26,tags/27,max_supply,circulating_supply,total_supply,platform,cmc_rank,self_reported_circulating_supply,self_reported_market_cap,tvl_ratio,last_updated,quote/USD/price,quote/USD/volume_24h,quote/USD/volume_change_24h,quote/USD/percent_change_1h,quote/USD/percent_change_24h,quote/USD/percent_change_7d,quote/USD/percent_change_30d,quote/USD/percent_change_60d,quote/USD/percent_change_90d,quote/USD/market_cap,quote/USD/market_cap_dominance,quote/USD/fully_diluted_market_cap,quote/USD/tvl,quote/USD/last_updated,tags/28,tags/29,platform/id,platform/name,platform/symbol,platform/slug,platform/token_address
1,Bitcoin,BTC,bitcoin,9660,2013-04-28T00:00:00.000Z,mineable,pow,sha-256,store-of-value,state-channel,coinbase-ventures-portfolio,three-arrows-capital-portfolio,polychain-capital-portfolio,binance-labs-portfolio,blockchain-capital-portfolio,boostvc-portfolio,cms-holdings-portfolio,dcg-portfolio,dragonfly-capital-portfolio,electric-capital-portfolio,fabric-ventures-portfolio,framework-ventures-portfolio,galaxy-digital-portfolio,huobi-capital-portfolio,alameda-research-portfolio,a16z-portfolio,1confirmation-portfolio,winklevoss-capital-portfolio,usv-portfolio,placeholder-ventures-portfolio,pantera-capital-portfolio,multicoin-capital-portfolio,paradigm-portfolio,21000000,19112337,19112337,,1,,,,2022-08-04T20:15:00.000Z,22507.58510463398,25655574231.186615,-0.5776,-0.40827457,-3.82138706,-5.623749,9.30115556,-25.21229572,-37.42551946,430172551575.9449,40.7066,472659287197.31,,2022-08-04T20:15:00.000Z,,,,,,,
1027,Ethereum,ETH,ethereum,5911,2015-08-07T00:00:00.000Z,mineable,pow,smart-contracts,ethereum-ecosystem,coinbase-ventures-portfolio,three-arrows-capital-portfolio,polychain-capital-portfolio,binance-labs-portfolio,blockchain-capital-portfolio,boostvc-portfolio,cms-holdings-portfolio,dcg-portfolio,dragonfly-capital-portfolio,electric-capital-portfolio,fabric-ventures-portfolio,framework-ventures-portfolio,hashkey-capital-portfolio,kenetic-capital-portfolio,huobi-capital-portfolio,alameda-research-portfolio,a16z-portfolio,1confirmation-portfolio,winklevoss-capital-portfolio,usv-portfolio,placeholder-ventures-portfolio,pantera-capital-portfolio,multicoin-capital-portfolio,paradigm-portfolio,,121830586.499,121830586.499,,2,,,,2022-08-04T20:15:00.000Z,1596.6536862615037,15110046011.178408,-8.8583,-0.46304995,-3.38600399,-7.89039289,37.95468338,-12.4959856,-40.60031887,194521255033.02933,18.3977,194521255033.03,,2022-08-04T20:15:00.000Z,injective-ecosystem,bnb-chain,,,,,
825,Tether,USDT,tether,37357,2015-02-25T00:00:00.000Z,payments,stablecoin,asset-backed-stablecoin,avalanche-ecosystem,solana-ecosystem,arbitrum-ecosytem,moonriver-ecosystem,injective-ecosystem,bnb-chain,usd-stablecoin,,,,,,,,,,,,,,,,,,,,66426425454.89931,69158976389.32562,,3,,,,2022-08-04T20:15:00.000Z,1.0000955782030168,45439801912.76625,-3.2781,-0.00075638,-0.01362855,-0.00439033,0.09334274,0.07714911,0.00378264,66432774373.277115,6.2837,69165586480.01,,2022-08-04T20:15:00.000Z,,,1027,Ethereum,ETH,ethereum,0xdac17f958d2ee523a2206206994597c13d831ec7
3408,USD Coin,USDC,usd-coin,5156,2018-10-08T00:00:00.000Z,medium-of-exchange,stablecoin,asset-backed-stablecoin,fantom-ecosystem,arbitrum-ecosytem,moonriver-ecosystem,bnb-chain,usd-stablecoin,,,,,,,,,,,,,,,,,,,,,,54267420558.040375,54267420558.040375,,4,,,,2022-08-04T20:15:00.000Z,1.0000769140746553,6317125556.28597,-9.6318,0.01593283,0.0060785,0.02440847,-0.02325558,-0.01193762,-0.04508387,54271594486.476524,5.1335,54271594486.48,,2022-08-04T20:15:00.000Z,,,1027,Ethereum,ETH,ethereum,0xa0b86991c6218b36c1d19d4a2e9eb0ce3606eb48
1839,BNB,BNB,bnb,1047,2017-07-25T00:00:00.000Z,marketplace,centralized-exchange,payments,smart-contracts,alameda-research-portfolio,multicoin-capital-portfolio,moonriver-ecosystem,bnb-chain,,,,,,,,,,,,,,,,,,,,,200000000,161337261.09,161337261.09,,5,,,,2022-08-04T20:15:00.000Z,310.4751008114534,2061385274.2534168,-0.5874,0.94575368,2.39950924,11.57855273,33.22768716,2.84521538,-18.52414297,50091202401.56152,4.7376,62095020162.29,,2022-08-04T20:15:00.000Z,,,,,,,
4687,Binance USD,BUSD,binance-usd,4409,2019-09-20T00:00:00.000Z,stablecoin,asset-backed-stablecoin,binance-chain,harmony-ecosystem,moonriver-ecosystem,bnb-chain,usd-stablecoin,,,,,,,,,,,,,,,,,,,,,,,17923534690.539257,17923534690.539257,,6,,,,2022-08-04T20:15:00.000Z,1.000111672472504,5997081186.551407,13.5712,-0.00996672,0.01484342,0.15356718,-0.01803208,-0.13707173,0.11654179,17925536255.974163,1.6956,17925536255.97,,2022-08-04T20:15:00.000Z,,,1839,BNB,BNB,bnb,BUSD-BD1
52,XRP,XRP,xrp,786,2013-08-04T00:00:00.000Z,medium-of-exchange,enterprise-solutions,binance-chain,arrington-xrp-capital-portfolio,galaxy-digital-portfolio,a16z-portfolio,pantera-capital-portfolio,,,,,,,,,,,,,,,,,,,,,,100000000000,48343101197,99989535142,,7,,,,2022-08-04T20:15:00.000Z,0.3681443765594706,953648437.8144474,-12.5873,-0.06664209,-2.00258414,-2.04671938,12.75367575,-7.81109611,-38.40451274,17797240851.12096,1.6831,36814437655.95,,2022-08-04T20:15:00.000Z,,,,,,,
2010,Cardano,ADA,cardano,537,2017-10-01T00:00:00.000Z,mineable,dpos,pos,platform,research,smart-contracts,staking,cardano-ecosystem,cardano,bnb-chain,,,,,,,,,,,,,,,,,,,45000000000,33934048405.593,34277702081.605,,8,,,,2022-08-04T20:15:00.000Z,0.49792209242745167,520658411.84559757,-6.5608,-0.22293398,-2.99179477,-3.31538094,7.74921285,-14.0750505,-36.54432149,16896512386.647295,1.5982,22406494159.24,,2022-08-04T20:15:00.000Z,,,,,,,
5426,Solana,SOL,solana,356,2020-04-10T00:00:00.000Z,pos,platform,solana-ecosystem,cms-holdings-portfolio,kenetic-capital-portfolio,alameda-research-portfolio,multicoin-capital-portfolio,okex-blockdream-ventures-portfolio,,,,,,,,,,,,,,,,,,,,,,346339278.1660928,511616946.142289,,9,,,,2022-08-04T20:15:00.000Z,38.44039515990707,1361191278.2654512,-40.0872,-0.39906966,-4.21171,-9.71978757,6.26896519,-3.8248561,-53.10248881,13313418712.101582,1.2592,19666757580.21,,2022-08-04T20:15:00.000Z,,,,,,,
6636,Polkadot,DOT,polkadot-new,378,2020-08-19T00:00:00.000Z,substrate,polkadot,binance-chain,polkadot-ecosystem,three-arrows-capital-portfolio,polychain-capital-portfolio,arrington-xrp-capital-portfolio,blockchain-capital-portfolio,boostvc-portfolio,cms-holdings-portfolio,coinfund-portfolio,fabric-ventures-portfolio,fenbushi-capital-portfolio,hashkey-capital-portfolio,kenetic-capital-portfolio,1confirmation-portfolio,placeholder-ventures-portfolio,pantera-capital-portfolio,exnetwork-capital-portfolio,web3,spartan-group,injective-ecosystem,bnb-chain,,,,,,,1103298614.3990493,1218522284.724229,,10,904869778,7232477306.78942,,2022-08-04T20:15:00.000Z,7.992837734922583,436691655.7905469,-10.7923,-0.34015577,-4.33163484,0.85153649,14.95333661,-16.19487067,-43.98926399,8818486798.05652,0.834,9739450898.19,,2022-08-04T20:15:00.000Z,,,,,,,
74,Dogecoin,DOGE,dogecoin,529,2013-12-15T00:00:00.000Z,mineable,pow,scrypt,medium-of-exchange,memes,payments,doggone-doggerel,bnb-chain,,,,,,,,,,,,,,,,,,,,,,132670764299.89409,132670764299.89409,,11,,,,2022-08-04T20:15:00.000Z,0.06635937517169861,257997620.1468688,-7.9287,-0.18414639,-2.15235572,-5.19373319,-3.60594713,-19.14403296,-47.74132969,8803949022.49267,0.8327,8803949022.49,,2022-08-04T20:15:00.000Z,,,,,,,
4943,Dai,DAI,multi-collateral-dai,1081,2019-11-22T00:00:00.000Z,defi,stablecoin,ethereum-ecosystem,avalanche-ecosystem,polygon-ecosystem,fantom-ecosystem,arbitrum-ecosytem,harmony-ecosystem,moonriver-ecosystem,bnb-chain,usd-stablecoin,,,,,,,,,,,,,,,,,,,7453527641.117671,7453527641.117671,,12,,,,2022-08-04T20:15:00.000Z,0.9996130277289907,648328367.8601205,53.4663,-0.0143969,0.00692942,-0.00363435,-0.11663374,-0.08330591,-0.04337377,7450643332.599358,0.7046,7450643332.6,,2022-08-04T20:15:00.000Z,,,1027,Ethereum,ETH,ethereum,0x6b175474e89094c44da98b954eedeac495271d0f
3890,Polygon,MATIC,polygon,442,2019-04-28T00:00:00.000Z,platform,enterprise-solutions,scaling,state-channel,coinbase-ventures-portfolio,binance-launchpad,binance-labs-portfolio,polygon-ecosystem,moonriver-ecosystem,injective-ecosystem,bnb-chain,,,,,,,,,,,,,,,,,,10000000000,8034803942.62,10000000000,,13,,,,2022-08-04T20:15:00.000Z,0.894891158157188,466603581.5517886,-14.7959,-0.12593785,-1.87375914,-5.71952793,68.33071406,47.71959285,-14.55615658,7190275005.777152,0.68,8948911581.57,,2022-08-04T20:15:00.000Z,,,,,,,
5805,Avalanche,AVAX,avalanche,291,2020-07-13T00:00:00.000Z,defi,smart-contracts,three-arrows-capital-portfolio,polychain-capital-portfolio,avalanche-ecosystem,cms-holdings-portfolio,dragonfly-capital-portfolio,moonriver-ecosystem,injective-ecosystem,bnb-chain,,,,,,,,,,,,,,,,,,,720000000,284428198.2498501,404229626.49901325,,14,,,,2022-08-04T20:15:00.000Z,23.182685869581633,484195646.9827208,-16.0785,-0.30092451,-3.42644262,-3.81975962,29.05862959,-7.1007826,-59.54862512,6593809572.477363,0.6236,16691533826.1,,2022-08-04T20:15:00.000Z,,,,,,,
7083,Uniswap,UNI,uniswap,396,2020-09-17T00:00:00.000Z,decentralized-exchange,defi,dao,yield-farming,amm,coinbase-ventures-portfolio,three-arrows-capital-portfolio,governance,blockchain-capital-portfolio,defiance-capital-portfolio,alameda-research-portfolio,a16z-portfolio,pantera-capital-portfolio,parafi-capital,paradigm-portfolio,arbitrum-ecosytem,injective-ecosystem,bnb-chain,,,,,,,,,,,1000000000,745410705.5116634,1000000000,,15,,,1.04053442,2022-08-04T20:15:00.000Z,8.746704282754994,290968146.58511305,-4.3961,0.02300482,-3.55613636,-7.59265966,62.27991902,67.91601881,16.29919996,6519887010.310288,0.6167,8746704282.75,6265902273.4649,2022-08-04T20:15:00.000Z,,,1027,Ethereum,ETH,ethereum,0x1f9840a85d5af5bf1d1762f925bdaddc4201f984
5994,Shiba Inu,SHIB,shiba-inu,379,2020-08-01T00:00:00.000Z,memes,ethereum-ecosystem,doggone-doggerel,,,,,,,,,,,,,,,,,,,,,,,,,,,549063278876301.94,589735030408322.8,,16,,,,2022-08-04T20:15:00.000Z,0.000011725216373835953,309131956.79741704,-2.329,-0.29495029,-2.36622001,-2.08922517,11.29825598,7.16582598,-41.3707057,6437885747.752472,0.609,6914770834.77,,2022-08-04T20:15:00.000Z,,,1027,Ethereum,ETH,ethereum,0x95ad61b0a150d79219dcf64e1e6cc01f0b64c4ce
1958,TRON,TRX,tron,665,2017-09-13T00:00:00.000Z,media,payments,tron-ecosystem,bnb-chain,,,,,,,,,,,,,,,,,,,,,,,,,,92419174569.1867,92419170960.81158,,17,71659659264,4944918995.789968,,2022-08-04T20:15:00.000Z,0.06900561692000913,394584327.98302543,6.5361,-0.26480667,0.21672783,-1.33861182,0.47919135,-15.9430944,-16.04350369,6377442156.3847475,0.6032,6377441907.39,,2022-08-04T20:15:00.000Z,,,,,,,
3717,Wrapped Bitcoin,WBTC,wrapped-bitcoin,489,2019-01-30T00:00:00.000Z,medium-of-exchange,defi,wrapped-tokens,fantom-ecosystem,arbitrum-ecosytem,moonriver-ecosystem,,,,,,,,,,,,,,,,,,,,,,,,236810.05951794,236810.05951794,,18,,,,2022-08-04T20:15:00.000Z,22527.59582277473,141191691.80322844,-11.1414,-0.25792985,-3.77896527,-5.47711762,9.85722348,-25.07996349,-37.43834662,5334761307.58738,0.5046,5334761307.59,,2022-08-04T20:15:00.000Z,,,1027,Ethereum,ETH,ethereum,0x2260fac5e5542a773aa44fbcfedf7c193bc2c599
3957,UNUS SED LEO,LEO,unus-sed-leo,19,2019-05-21T00:00:00.000Z,marketplace,centralized-exchange,discount-token,payments,kenetic-capital-portfolio,alameda-research-portfolio,,,,,,,,,,,,,,,,,,,,,,,,953954130,985239504,,19,,,,2022-08-04T20:15:00.000Z,4.994595820049041,3667409.5099514,-15.9736,0.38069644,-0.97288806,-6.10972133,-12.87348665,-1.22120623,-7.27975543,4764615310.216519,0.4506,4920873108.43,,2022-08-04T20:15:00.000Z,,,1027,Ethereum,ETH,ethereum,0x2af5d2ad76741191d15dfe7bf6ac92d4bd912ca3
1321,Ethereum Classic,ETC,ethereum-classic,325,2016-07-24T00:00:00.000Z,mineable,pow,ethash,platform,smart-contracts,dcg-portfolio,bnb-chain,,,,,,,,,,,,,,,,,,,,,,210700000,136165375.7481642,210700000,,20,,,,2022-08-04T20:15:00.000Z,34.593916625413435,1113487155.1566277,-28.7062,-0.70281544,-7.28338158,-15.60324164,127.61348158,56.20485463,24.14548363,4710493655.900085,0.4456,7288938232.97,,2022-08-04T20:15:00.000Z,,,,,,,
2,Litecoin,LTC,litecoin,809,2013-04-28T00:00:00.000Z,mineable,pow,scrypt,medium-of-exchange,binance-chain,bnb-chain,,,,,,,,,,,,,,,,,,,,,,,84000000,70870918.77742098,84000000,,21,,,,2022-08-04T20:15:00.000Z,59.178334096812996,450104292.50646186,-3.6571,-0.30495649,-0.78580705,-6.45230344,16.30461342,-7.04077426,-38.21305534,4194022909.1583166,0.3967,4970980064.13,,2022-08-04T20:15:00.000Z,,,,,,,
4195,FTX Token,FTT,ftx-token,134,2019-07-31T00:00:00.000Z,marketplace,centralized-exchange,derivatives,cms-holdings-portfolio,kenetic-capital-portfolio,alameda-research-portfolio,pantera-capital-portfolio,exnetwork-capital-portfolio,,,,,,,,,,,,,,,,,,,,,352170015,134701802.46874374,330571138.5359715,,22,,,,2022-08-04T20:15:00.000Z,29.00384964824911,56832967.67834981,-8.5037,-0.14723405,-2.62908887,-4.28061028,12.62541807,10.59506729,-19.14645066,3906870826.151594,0.3695,10214286165.68,,2022-08-04T20:15:00.000Z,,,1839,BNB,BNB,bnb,FTT-F11
3635,Cronos,CRO,cronos,139,2018-12-14T00:00:00.000Z,medium-of-exchange,cosmos-ecosystem,centralized-exchange,mobile,payments,,,,,,,,,,,,,,,,,,,,,,,,30263013692,25263013692,30263013692,,23,,,,2022-08-04T20:15:00.000Z,0.14147394466983665,33314986.45010052,-74.0306,-0.21756042,-4.3400746,4.14528415,19.27858823,-21.34493622,-49.52056782,3574058201.255334,0.338,4281427924.6,,2022-08-04T20:15:00.000Z,,,1027,Ethereum,ETH,ethereum,0xa0b73e1ff0b80914ab6fe0444e65848c4c34450b
1975,Chainlink,LINK,chainlink,698,2017-09-20T00:00:00.000Z,platform,defi,oracles,smart-contracts,substrate,polkadot,polkadot-ecosystem,avalanche-ecosystem,solana-ecosystem,framework-ventures-portfolio,polygon-ecosystem,fantom-ecosystem,cardano-ecosystem,web3,near-protocol-ecosystem,arbitrum-ecosytem,cardano,injective-ecosystem,bnb-chain,,,,,,,,,,1000000000,469599970.4527867,1000000000,,24,,,,2022-08-04T20:15:00.000Z,7.280187403589657,360632823.3886477,-11.7345,-0.25269528,-3.38764092,1.44205921,13.42790373,-5.90391057,-32.32628824,3418775789.616453,0.3233,7280187403.59,,2022-08-04T20:15:00.000Z,,,1027,Ethereum,ETH,ethereum,0x514910771af9ca656af840dff83e8264ecf986ca
6535,NEAR Protocol,NEAR,near-protocol,175,2020-08-11T00:00:00.000Z,platform,staking,coinbase-ventures-portfolio,three-arrows-capital-portfolio,arrington-xrp-capital-portfolio,coinfund-portfolio,electric-capital-portfolio,fabric-ventures-portfolio,kenetic-capital-portfolio,near-protocol-ecosystem,injective-ecosystem,bnb-chain,,,,,,,,,,,,,,,,,1000000000,751801221,1000000000,,25,,,,2022-08-04T20:15:00.000Z,4.373056002637825,426480599.30266464,26.8636,-0.78732596,-5.4333229,0.04865262,25.14816753,-19.94231491,-59.26229706,3287668842.2844963,0.311,4373056002.64,,2022-08-04T20:15:00.000Z,,,,,,,
3794,Cosmos,ATOM,cosmos,315,2019-03-14T00:00:00.000Z,platform,cosmos-ecosystem,content-creation,interoperability,binance-chain,polychain-capital-portfolio,dragonfly-capital-portfolio,hashkey-capital-portfolio,1confirmation-portfolio,paradigm-portfolio,exnetwork-capital-portfolio,injective-ecosystem,bnb-chain,,,,,,,,,,,,,,,,,286370297,0,,26,,,,2022-08-04T20:15:00.000Z,10.294545898650561,244616418.7910801,5.8885,-0.65439318,-1.05662154,-4.90447653,11.47207071,10.26155953,-42.060665,2948052166.476693,0.2788,0,,2022-08-04T20:15:00.000Z,,,,,,,
512,Stellar,XLM,stellar,442,2014-08-05T00:00:00.000Z,medium-of-exchange,enterprise-solutions,decentralized-exchange,smart-contracts,hashkey-capital-portfolio,,,,,,,,,,,,,,,,,,,,,,,,50001806812,25184965918.020756,50001787630.90435,,27,,,,2022-08-04T20:15:00.000Z,0.11365844609863882,120315849.4055132,-3.8419,-0.33121195,-2.42945942,-2.54020082,4.02015458,-21.68331479,-33.2179823,2862484091.2894177,0.2707,5683127664.38,,2022-08-04T20:15:00.000Z,,,,,,,
328,Monero,XMR,monero,183,2014-05-21T00:00:00.000Z,mineable,pow,medium-of-exchange,privacy,ringct,boostvc-portfolio,electric-capital-portfolio,galaxy-digital-portfolio,,,,,,,,,,,,,,,,,,,,,,18156666.17180073,18156666.17180073,,28,,,,2022-08-04T20:15:00.000Z,157.53766419499595,106308847.56633036,-2.677,-0.50626347,-0.68245321,-4.39950423,26.77737301,-16.64957477,-25.85245225,2860358778.273786,0.2705,2860358778.27,,2022-08-04T20:15:00.000Z,,,,,,,
4558,Flow,FLOW,flow,84,2021-01-27T00:00:00.000Z,collectibles-nfts,coinbase-ventures-portfolio,coinfund-portfolio,dcg-portfolio,ledgerprime-portfolio,a16z-portfolio,animoca-brands-portfolio,,,,,,,,,,,,,,,,,,,,,,,1036200000,1390757889,,29,,,,2022-08-04T20:15:00.000Z,2.550958046583514,625507284.3019611,1184.7497,0.71359794,33.88000278,32.44826956,58.77756252,4.17241002,-42.15587,2643302727.8698373,0.25,3547765027.79,,2022-08-04T20:15:00.000Z,,,,,,,
1831,Bitcoin Cash,BCH,bitcoin-cash,625,2017-07-23T00:00:00.000Z,mineable,pow,sha-256,marketplace,medium-of-exchange,store-of-value,enterprise-solutions,payments,binance-chain,bnb-chain,,,,,,,,,,,,,,,,,,,21000000,19136475,19136475,,30,,,,2022-08-04T20:15:00.000Z,133.9248777617381,345515971.8729508,27.7392,-0.58259772,-4.50025757,-13.19212535,26.04090514,-26.69721229,-51.12315308,2562850075.165557,0.2424,2812422433,,2022-08-04T20:15:00.000Z,,,,,,,
4030,Algorand,ALGO,algorand,237,2019-06-20T00:00:00.000Z,pos,platform,research,smart-contracts,arrington-xrp-capital-portfolio,kenetic-capital-portfolio,usv-portfolio,multicoin-capital-portfolio,exnetwork-capital-portfolio,,,,,,,,,,,,,,,,,,,,10000000000,6949416171.515093,7350655093.677851,,31,,,,2022-08-04T20:15:00.000Z,0.3322867826170572,116021035.74609582,18.687,-0.47114266,-1.18032451,-2.09155103,5.49171337,-17.12174121,-52.63946583,2309199140.6996975,0.2184,3322867826.17,,2022-08-04T20:15:00.000Z,,,,,,,
18876,ApeCoin,APE,apecoin-ape,184,2022-03-17T12:26:36.000Z,collectibles-nfts,content-creation,gaming,entertainment,dao,governance,metaverse,animoca-brands-portfolio,,,,,,,,,,,,,,,,,,,,,1000000000,306875000,1000000000,,32,306875000,2238391197.5538106,,2022-08-04T20:15:00.000Z,7.2941464686071225,575579152.8954297,-18.4796,0.11172144,-0.3684153,3.99217504,46.08942496,17.95478598,-45.21415753,2238391197.5538106,0.2117,7294146468.61,,2022-08-04T20:15:00.000Z,,,1027,Ethereum,ETH,ethereum,0x4d224452801aced8b2f0aebe155379bb5d594381
3077,VeChain,VET,vechain,192,2017-08-22T00:00:00.000Z,logistics,data-provenance,iot,smart-contracts,fenbushi-capital-portfolio,,,,,,,,,,,,,,,,,,,,,,,,86712634466,72511146418,85985041177,,33,72511146418,2139157193.7713826,,2022-08-04T20:15:00.000Z,0.029501080860588395,136222253.69715735,-30.0695,0.22839082,-2.82822733,11.6897797,27.79836285,-4.34213528,-37.55528838,2139157193.7713826,0.2023,2558116441.02,,2022-08-04T20:15:00.000Z,,,,,,,
2280,Filecoin,FIL,filecoin,227,2017-12-13T00:00:00.000Z,mineable,distributed-computing,filesharing,storage,polychain-capital-portfolio,blockchain-capital-portfolio,boostvc-portfolio,dcg-portfolio,hashkey-capital-portfolio,a16z-portfolio,winklevoss-capital-portfolio,pantera-capital-portfolio,web3,bnb-chain,,,,,,,,,,,,,,,,253620795,253620795,,34,,,,2022-08-04T20:15:00.000Z,7.956683140983201,545837617.9810776,-28.7507,-0.42261846,-4.03024719,33.43764313,43.21397011,6.07274566,-42.7845429,2017980303.7792566,0.1909,2017980303.78,,2022-08-04T20:15:00.000Z,,,,,,,
8916,Internet Computer,ICP,internet-computer,127,2021-03-23T00:00:00.000Z,platform,distributed-computing,polychain-capital-portfolio,exnetwork-capital-portfolio,,,,,,,,,,,,,,,,,,,,,,,,,,249784639.67169213,487486502.668358,,35,249784639.67169213,1991524039.6751757,,2022-08-04T20:15:00.000Z,7.9729643996234625,86676366.26536907,-16.6556,-0.16372347,-1.29715731,8.32068289,39.9196444,6.52340452,-36.43629025,1991524039.6751757,0.1883,3886712531.07,,2022-08-04T20:15:00.000Z,,,,,,,
1966,Decentraland,MANA,decentraland,289,2017-09-17T00:00:00.000Z,platform,collectibles-nfts,gaming,payments,metaverse,boostvc-portfolio,dcg-portfolio,fabric-ventures-portfolio,kenetic-capital-portfolio,polygon-ecosystem,play-to-earn,,,,,,,,,,,,,,,,,,,1852432097.2789547,2193578327.320146,,36,,,,2022-08-04T20:15:00.000Z,0.9849305416354178,273842586.23213696,21.8078,-0.46485722,-1.25519574,0.59862847,10.88067427,-0.73248827,-32.10348224,1824516948.915794,0.1726,2160522290.05,,2022-08-04T20:15:00.000Z,,,1027,Ethereum,ETH,ethereum,0x0f5d2fb29fb7d3cfee444a200298f468908cc942
6210,The Sandbox,SAND,the-sandbox,248,2020-08-05T00:00:00.000Z,collectibles-nfts,content-creation,gaming,ethereum-ecosystem,binance-launchpad,metaverse,play-to-earn,animoca-brands-portfolio,,,,,,,,,,,,,,,,,,,,,3000000000,1284059808.2233226,3000000000,,37,,,,2022-08-04T20:15:00.000Z,1.285141762382455,336392708.01750743,24.5268,-0.31904036,-1.1701049,-5.8616502,6.96575977,-1.6233558,-37.98787622,1650198884.944598,0.1562,3855425287.15,,2022-08-04T20:15:00.000Z,,,1027,Ethereum,ETH,ethereum,0x3845badAde8e6dFF049820680d1F14bD3903a5d0
2011,Tezos,XTZ,tezos,223,2017-10-06T00:00:00.000Z,pos,platform,enterprise-solutions,collectibles-nfts,defi,smart-contracts,polychain-capital-portfolio,boostvc-portfolio,winklevoss-capital-portfolio,,,,,,,,,,,,,,,,,,,,,903997393.561319,925540924.068535,,38,,,,2022-08-04T20:15:00.000Z,1.8038247330313586,67274465.01243426,84.9317,-1.1009151,1.54970332,4.53807859,19.51305221,-8.35720033,-28.08446523,1630652857.1017902,0.1542,1669513610.27,,2022-08-04T20:15:00.000Z,,,,,,,
4642,Hedera,HBAR,hedera,107,2019-09-17T00:00:00.000Z,dag,marketplace,enterprise-solutions,payments,dcg-portfolio,,,,,,,,,,,,,,,,,,,,,,,,50000000000,21084776583.751095,50000000000,,39,19389577881,1383973133.0239558,,2022-08-04T20:15:00.000Z,0.07137716671904044,37082395.12774698,-5.2726,-0.08484012,-2.41807198,0.02277574,13.80068527,-24.11306894,-46.85905473,1504971613.452122,0.1424,3568858335.95,,2022-08-04T20:15:00.000Z,,,,,,,
6783,Axie Infinity,AXS,axie-infinity,235,2020-08-31T00:00:00.000Z,collectibles-nfts,gaming,binance-launchpad,metaverse,defiance-capital-portfolio,play-to-earn,animoca-brands-portfolio,,,,,,,,,,,,,,,,,,,,,,270000000,82792906.66026731,270000000,,40,,,,2022-08-04T20:15:00.000Z,17.4443251720649,143061530.86862057,24.619,-0.04137401,-1.79496794,1.85761657,18.05352825,-13.73086574,-38.34263287,1444266385.7221208,0.1366,4709967796.46,,2022-08-04T20:15:00.000Z,,,1027,Ethereum,ETH,ethereum,0xbb0e17ef65f82ab018d8edd776e8dd940327b28b
2416,Theta Network,THETA,theta-network,120,2018-01-17T00:00:00.000Z,media,collectibles-nfts,content-creation,defi,video,metaverse,huobi-capital-portfolio,web3,,,,,,,,,,,,,,,,,,,,,1000000000,1000000000,1000000000,,41,,,,2022-08-04T20:15:00.000Z,1.3932612452203232,74840695.67542642,-15.2828,-0.38275898,-2.30634256,2.75784614,13.29314559,13.45172796,-37.55686083,1393261245.2203233,0.1318,1393261245.22,,2022-08-04T20:15:00.000Z,,,,,,,
6892,Elrond,EGLD,elrond-egld,113,2020-09-04T00:00:00.000Z,binance-launchpad,binance-labs-portfolio,electric-capital-portfolio,exnetwork-capital-portfolio,elrond-ecosystem,injective-ecosystem,bnb-chain,,,,,,,,,,,,,,,,,,,,,,31415926,22958979.96987865,23016298,,42,,,,2022-08-04T20:15:00.000Z,58.26645090369956,47566965.40331343,6.231,-0.53252266,-0.25083038,2.64378531,5.49152556,-23.37165297,-52.46429854,1337738279.2139559,0.1265,1830494509.87,,2022-08-04T20:15:00.000Z,,,,,,,
7278,Aave,AAVE,aave,364,2020-10-02T00:00:00.000Z,defi,dao,yield-farming,three-arrows-capital-portfolio,governance,lending-borowing,blockchain-capital-portfolio,defiance-capital-portfolio,framework-ventures-portfolio,alameda-research-portfolio,pantera-capital-portfolio,parafi-capital,polygon-ecosystem,fantom-ecosystem,bnb-chain,,,,,,,,,,,,,,16000000,13980992.72417972,16000000,,43,,,0.25556347,2022-08-04T20:15:00.000Z,95.5307843297212,193711506.86694384,-8.6498,0.12743017,-2.852655,-5.08859443,54.49501504,-10.33275312,-31.14291827,1335615200.6490142,0.1263,1528492549.28,5226158441.18672,2022-08-04T20:15:00.000Z,,,1027,Ethereum,ETH,ethereum,0x7Fc66500c84A76Ad7e9c93437bFc5Ac33E2DDaE9
3155,Quant,QNT,quant,100,2018-08-10T00:00:00.000Z,platform,interoperability,,,,,,,,,,,,,,,,,,,,,,,,,,,14612493,12072738,14612493.080826,,44,,,,2022-08-04T20:15:00.000Z,103.90497869903186,44617097.53801002,-18.8787,0.15822467,-3.09205223,0.60318526,69.00457208,55.30865644,16.74066374,1254417584.7289925,0.1186,1518310773.9,,2022-08-04T20:15:00.000Z,,,1027,Ethereum,ETH,ethereum,0x4a220e6096b25eadb88358cb44068a3248254675
2563,TrueUSD,TUSD,trueusd,283,2018-03-06T00:00:00.000Z,store-of-value,stablecoin,asset-backed-stablecoin,avalanche-ecosystem,arbitrum-ecosytem,bnb-chain,usd-stablecoin,,,,,,,,,,,,,,,,,,,,,,,1200748379.047686,1227899013.9824455,,45,,,,2022-08-04T20:15:00.000Z,1.0000275327485681,487389055.96448916,-17.9407,0.02612377,0.02179201,0.03499845,-0.05866957,-0.05927991,-0.0119567,1200781438.9509,0.1136,1227932821.42,,2022-08-04T20:15:00.000Z,,,1027,Ethereum,ETH,ethereum,0x0000000000085d4780B73119b644AE5ecd22b376
1765,EOS,EOS,eos,470,2017-07-01T00:00:00.000Z,medium-of-exchange,enterprise-solutions,smart-contracts,binance-chain,fenbushi-capital-portfolio,galaxy-digital-portfolio,bnb-chain,,,,,,,,,,,,,,,,,,,,,,,996248346.1794,1061006819.1993,,46,,,,2022-08-04T20:15:00.000Z,1.1824452606450941,263635585.00292078,10.9009,-0.090392,-3.09002318,-10.72992127,18.91109576,-7.93891458,-41.72181556,1178009135.3653445,0.1114,1254582484.87,,2022-08-04T20:15:00.000Z,,,,,,,
3602,Bitcoin SV,BSV,bitcoin-sv,175,2018-11-09T00:00:00.000Z,mineable,pow,sha-256,medium-of-exchange,store-of-value,state-channel,,,,,,,,,,,,,,,,,,,,,,,21000000,19132932.89423905,19132932.89423905,,47,,,,2022-08-04T20:15:00.000Z,60.1222737430278,41450991.56224276,-19.8722,-0.07134369,-3.18355837,-4.13356478,10.22744652,5.21670684,-16.43265719,1150315428.9744213,0.1088,1262567748.6,,2022-08-04T20:15:00.000Z,,,,,,,
3897,OKB,OKB,okb,69,2019-04-30T00:00:00.000Z,marketplace,centralized-exchange,discount-token,alameda-research-portfolio,,,,,,,,,,,,,,,,,,,,,,,,,,60000000,300000000,,48,,,,2022-08-04T20:15:00.000Z,17.750955217768052,8641708.36861382,-21.9873,-0.14340026,-3.36249969,3.68478449,40.78121797,53.68411261,0.91012186,1065057313.0660831,0.1007,5325286565.33,,2022-08-04T20:15:00.000Z,,,1027,Ethereum,ETH,ethereum,0x75231f58b43240c9718dd58b4967c5114342a86c
5665,Helium,HNT,helium,54,2020-06-05T00:00:00.000Z,mineable,enterprise-solutions,distributed-computing,iot,usv-portfolio,multicoin-capital-portfolio,web3,,,,,,,,,,,,,,,,,,,,,,223000000,123031377.82908358,223000000,,49,,,,2022-08-04T20:15:00.000Z,8.542556012541159,5968060.23927919,-14.046,0.13116662,-3.42024287,-8.20779749,-9.23702763,-8.36528892,-41.91677257,1051002436.4050609,0.0994,1904989990.8,,2022-08-04T20:15:00.000Z,,,,,,,
1518,Maker,MKR,maker,264,2017-01-29T00:00:00.000Z,store-of-value,defi,dao,polychain-capital-portfolio,governance,lending-borowing,dragonfly-capital-portfolio,electric-capital-portfolio,a16z-portfolio,1confirmation-portfolio,placeholder-ventures-portfolio,pantera-capital-portfolio,paradigm-portfolio,near-protocol-ecosystem,spartan-group,bnb-chain,,,,,,,,,,,,,1005577,977631.03695089,977631.03695089,,50,,,0.12013784,2022-08-04T20:15:00.000Z,1048.9010966950432,117063938.78489542,-42.4324,-0.34032281,-1.77362607,-5.78461796,9.74305369,-11.30364652,-21.96876483,1025438266.8209008,0.097,1054750818.11,8535514126.52189,2022-08-04T20:15:00.000Z,,,1027,Ethereum,ETH,ethereum,0x9f8f72aa9304c8b593d555f12ef6589cc3a579a2
2087,KuCoin Token,KCS,kucoin-token,39,2017-10-24T00:00:00.000Z,marketplace,centralized-exchange,discount-token,algorand-ecosystem,,,,,,,,,,,,,,,,,,,,,,,,,170118638,98379860.95,145879861,,51,,,,2022-08-04T20:15:00.000Z,9.972437944848263,3517184.99128505,59.2988,-0.28860953,-0.90165839,-3.99279001,14.2071314,-39.83748821,-41.37716086,981087058.3466759,0.0928,1696497560.72,,2022-08-04T20:15:00.000Z,,,,,,,
1437,Zcash,ZEC,zcash,260,2016-10-29T00:00:00.000Z,mineable,pow,equihash,medium-of-exchange,privacy,zero-knowledge-proofs,binance-chain,boostvc-portfolio,dcg-portfolio,electric-capital-portfolio,fenbushi-capital-portfolio,hashkey-capital-portfolio,winklevoss-capital-portfolio,placeholder-ventures-portfolio,pantera-capital-portfolio,bnb-chain,,,,,,,,,,,,,21000000,14970556.25,14970556.25,,52,,,,2022-08-04T20:15:00.000Z,64.28819908716274,72042886.7424205,1.5931,-0.18297391,1.32014441,-0.13680198,10.16521772,-28.55047928,-47.88203111,962430100.6455684,0.091,1350052180.83,,2022-08-04T20:15:00.000Z,,,,,,,
3330,Pax Dollar,USDP,paxos-standard,66,2018-09-27T00:00:00.000Z,store-of-value,stablecoin,asset-backed-stablecoin,bnb-chain,usd-stablecoin,,,,,,,,,,,,,,,,,,,,,,,,,945642940.11,945642940.11,,53,,,,2022-08-04T20:15:00.000Z,1.0004475146258325,3674711.89456787,-6.7398,0.00331325,0.12908047,-0.03199525,-0.16253484,-0.17278326,-0.24983581,946066129.1565145,0.0895,946066129.16,,2022-08-04T20:15:00.000Z,,,1027,Ethereum,ETH,ethereum,0x8e870d67f660d95d5be530380d0ec0bd388289e1
3513,Fantom,FTM,fantom,348,2018-10-29T00:00:00.000Z,platform,enterprise-solutions,defi,research,scaling,smart-contracts,fantom-ecosystem,injective-ecosystem,bnb-chain,,,,,,,,,,,,,,,,,,,,3175000000,2545006273,2545006273,,54,,,,2022-08-04T20:15:00.000Z,0.3577519249149507,406890725.0843876,63.4371,-0.68229678,4.42954393,5.87499326,36.21510238,-0.15511176,-50.6209003,910480893.0863746,0.0861,1135862361.6,,2022-08-04T20:15:00.000Z,,,,,,,
1720,IOTA,MIOTA,iota,80,2017-06-13T00:00:00.000Z,dag,medium-of-exchange,iot,sharing-economy,bnb-chain,,,,,,,,,,,,,,,,,,,,,,,,2779530283,2779530283,2779530283,,55,,,,2022-08-04T20:15:00.000Z,0.32620260482828084,13908398.6237782,11.2654,-0.1418845,-0.90578186,2.79662887,18.75980946,-7.42484143,-33.80625771,906690018.5136886,0.0858,906690018.51,,2022-08-04T20:15:00.000Z,,,,,,,
16086,BitTorrent-New,BTT,bittorrent-new,77,2019-01-31T00:00:00.000Z,platform,distributed-computing,filesharing,interoperability,staking,tron-ecosystem,storage,binance-launchpad,binance-labs-portfolio,web3,bnb-chain,,,,,,,,,,,,,,,,,,,937418500000000,990000000000000,,56,,,,2022-08-04T20:15:00.000Z,9.546371036784988e-7,36172624.69286263,-19.7825,0.05680129,-2.18295272,-0.0796858,8.93736608,-12.30514223,-42.3135491,894894481.7746428,0.0846,945090732.64,,2022-08-04T20:15:00.000Z,,,1958,TRON,TRX,tron,TAFjULxiVgT4qWk6UZwjqwZXTSaGaqnVp4
4066,Chiliz,CHZ,chiliz,257,2019-07-01T00:00:00.000Z,sports,collectibles-nfts,content-creation,payments,,,,,,,,,,,,,,,,,,,,,,,,,8888888888,6000387492.749921,8888888888,,57,,,,2022-08-04T20:15:00.000Z,0.14371389514984972,246285877.10883573,49.4259,-0.64211064,3.84538021,19.94871583,42.53511402,13.48583832,-17.1008365,862339058.9915318,0.0816,1277456845.65,,2022-08-04T20:15:00.000Z,,,1027,Ethereum,ETH,ethereum,0x3506424f91fd33084466f402d5d97f05f8e3b4af
4256,Klaytn,KLAY,klaytn,116,2020-03-30T00:00:00.000Z,platform,enterprise-solutions,injective-ecosystem,,,,,,,,,,,,,,,,,,,,,,,,,,,2964410027.4,10782297980.8,,58,,,,2022-08-04T20:15:00.000Z,0.2906554083056272,73372969.48832165,-3.6907,-0.0005035,-0.31403212,7.87218832,23.23128776,-27.81457108,-56.67026417,861621806.8992425,0.0815,3133933222.08,,2022-08-04T20:15:00.000Z,,,,,,,
4157,THORChain,RUNE,thorchain,98,2019-07-23T00:00:00.000Z,cosmos-ecosystem,decentralized-exchange,defi,multicoin-capital-portfolio,exnetwork-capital-portfolio,,,,,,,,,,,,,,,,,,,,,,,,500000000,330688061.33445597,334937974.91478544,,59,308031945,793143881.5895351,5.23654636,2022-08-04T20:15:00.000Z,2.5748754129690514,130112617.72875072,-0.5384,-0.53596894,-6.33830469,-10.26493371,18.68118822,-10.95244018,-59.46749949,851480558.4924923,0.0806,1287437706.48,162603460.34721,2022-08-04T20:15:00.000Z,,,1839,BNB,BNB,bnb,RUNE-B1A
10791,eCash,XEC,ecash,51,2021-07-08T00:00:00.000Z,,,,,,,,,,,,,,,,,,,,,,,,,,,,,21000000000000,19133092173303,18899704673313,,61,,,,2022-08-04T20:15:00.000Z,0.00004294333960666065,9578343.27742697,2.7351,-0.13942561,-1.37968365,-2.27574478,3.42819543,-12.0328859,-40.29488824,821638874.9236916,0.0777,901810131.74,,2022-08-04T20:15:00.000Z,,,,,,,
6719,The Graph,GRT,the-graph,223,2020-12-17T00:00:00.000Z,ai-big-data,enterprise-solutions,defi,coinbase-ventures-portfolio,solana-ecosystem,analytics,coinfund-portfolio,dcg-portfolio,fabric-ventures-portfolio,framework-ventures-portfolio,ledgerprime-portfolio,multicoin-capital-portfolio,parafi-capital,polygon-ecosystem,fantom-ecosystem,web3,near-protocol-ecosystem,arbitrum-ecosytem,spartan-group,injective-ecosystem,bnb-chain,,,,,,,,10057044431,6900000000,10000000000,,60,,,,2022-08-04T20:15:00.000Z,0.11910814111610893,62437432.03579209,2.7411,-0.27358989,-2.77098091,3.32975398,20.53914831,-25.9377487,-59.45560225,821846173.7011516,0.0777,1197875867.3,,2022-08-04T20:15:00.000Z,,,1027,Ethereum,ETH,ethereum,0xc944e90c64b2c07662a292be6244bdf05cda44a7
1376,Neo,NEO,neo,249,2016-09-08T00:00:00.000Z,platform,enterprise-solutions,smart-contracts,,,,,,,,,,,,,,,,,,,,,,,,,,100000000,70538831,100000000,,62,,,,2022-08-04T20:15:00.000Z,10.737460051670329,48357308.23102055,3.7851,0.03024231,-3.2277478,-2.84392415,25.98518799,-6.73054934,-36.96674299,757407879.9540246,0.0716,1073746005.17,,2022-08-04T20:15:00.000Z,,,,,,,
8000,Lido DAO,LDO,lido-dao,85,2020-12-15T00:00:00.000Z,defi,dao,three-arrows-capital-portfolio,paradigm-portfolio,,,,,,,,,,,,,,,,,,,,,,,,,1000000000,312951153.95865756,1000000000,,63,531522562.6007307,1278658215.9761608,0.10443592,2022-08-04T20:15:00.000Z,2.4056518122574295,207118938.92264006,-8.3598,0.30674719,-10.3403194,9.41982297,316.47641178,132.25277561,-13.3555325,752851510.6686984,0.0712,2405651812.26,7208741268.8342,2022-08-04T20:15:00.000Z,,,1027,Ethereum,ETH,ethereum,0x5a98fcbea516cf06857215779fd812ca3bef1b32
19891,USDD,USDD,usdd,70,2022-05-02T08:07:12.000Z,stablecoin,algorithmic-stablecoin,usd-stablecoin,,,,,,,,,,,,,,,,,,,,,,,,,,,745332143.61,745332143.61,,64,,,,2022-08-04T20:15:00.000Z,0.9991146435842492,137420222.08658242,59.316,0.00426443,-0.01057874,-0.05165684,0.67732693,-0.15015081,-0.33248801,744672259.0147896,0.0704,744672259.01,,2022-08-04T20:15:00.000Z,,,1027,Ethereum,ETH,ethereum,0x0c10bf8fcb7bf5412187a595ab97a3609160b5c6
5068,Neutrino USD,USDN,neutrino-usd,59,2020-01-30T00:00:00.000Z,defi,stablecoin,algorithmic-stablecoin,bnb-chain,usd-stablecoin,,,,,,,,,,,,,,,,,,,,,,,,,727167200.96793,727167805.028041,,65,,,,2022-08-04T20:15:00.000Z,0.9917193108747515,2416897.42261303,-8.0324,-0.02262209,0.10980713,0.03839019,0.14440407,0.19078178,0.70642276,721145755.4346374,0.0682,721146354.49,,2022-08-04T20:15:00.000Z,,,1027,Ethereum,ETH,ethereum,0x674C6Ad92Fd080e4004b2312b45f796a192D27a0
6538,Curve DAO Token,CRV,curve-dao-token,305,2020-08-14T00:00:00.000Z,decentralized-exchange,defi,dao,yield-farming,amm,governance,framework-ventures-portfolio,alameda-research-portfolio,polygon-ecosystem,fantom-ecosystem,arbitrum-ecosytem,,,,,,,,,,,,,,,,,,3303030299,522282843.70204073,1797825440.0960028,,66,,,0.11480422,2022-08-04T20:15:00.000Z,1.3197574675869854,191776468.51510274,-20.4425,-0.2746697,-4.85590734,-13.13464814,34.83730124,6.82304222,-43.12654883,689286683.1683346,0.0652,4359198902.77,6004018642.85173,2022-08-04T20:15:00.000Z,,,1027,Ethereum,ETH,ethereum,0xD533a949740bb3306d119CC777fa900bA034cd52
2502,Huobi Token,HT,huobi-token,110,2018-02-03T00:00:00.000Z,marketplace,centralized-exchange,discount-token,payments,algorand-ecosystem,kenetic-capital-portfolio,alameda-research-portfolio,multicoin-capital-portfolio,,,,,,,,,,,,,,,,,,,,,500000000,153920626.25441208,500000000,,67,,,,2022-08-04T20:15:00.000Z,4.345472794697898,9332447.51703166,9.0264,-0.07084426,-1.68227892,-3.41267516,-4.23179787,-41.804489,-51.88059384,668857893.9314107,0.0633,2172736397.35,,2022-08-04T20:15:00.000Z,,,1027,Ethereum,ETH,ethereum,0x6f259637dcd74c767781e37bc6133cd6a68aa161
1274,Waves,WAVES,waves,195,2016-06-02T00:00:00.000Z,lpos,platform,smart-contracts,,,,,,,,,,,,,,,,,,,,,,,,,,,108974326,108974326,,68,,,,2022-08-04T20:15:00.000Z,5.752605174115043,275756358.82841873,37.9303,0.17443847,-0.3975572,1.25836266,7.20663344,-32.21578735,-59.3045979,626886271.5932995,0.0593,626886271.59,,2022-08-04T20:15:00.000Z,,,,,,,
4847,Stacks,STX,stacks,55,2019-10-28T00:00:00.000Z,mineable,platform,collectibles-nfts,defi,smart-contracts,metaverse,arrington-xrp-capital-portfolio,blockchain-capital-portfolio,dcg-portfolio,fabric-ventures-portfolio,hashkey-capital-portfolio,huobi-capital-portfolio,usv-portfolio,web3,injective-ecosystem,,,,,,,,,,,,,,1818000000,1326687150.010343,1352464600,,69,1048765672.087772,494572712.6363512,,2022-08-04T20:15:00.000Z,0.47157599242527465,27208061.41975624,-64.0606,0.64256116,-0.98024478,8.53996718,16.65065089,-12.95187937,-44.98951666,625633809.4039868,0.0592,857325154.23,,2022-08-04T20:15:00.000Z,,,,,,,
2130,Enjin Coin,ENJ,enjin-coin,260,2017-11-01T00:00:00.000Z,media,collectibles-nfts,gaming,ethereum-ecosystem,metaverse,arrington-xrp-capital-portfolio,,,,,,,,,,,,,,,,,,,,,,,1000000000,896399955.567558,1000000000,,70,,,,2022-08-04T20:15:00.000Z,0.6787830562835028,288179394.7857113,212.1314,-0.17044639,5.04267759,10.34431313,23.22052746,6.1556062,-35.27363647,608461101.4925431,0.0575,678783056.28,,2022-08-04T20:15:00.000Z,,,1027,Ethereum,ETH,ethereum,0xf629cbd94d3791c9250152bd8dfbdf380e2a3b9c
4705,PAX Gold,PAXG,pax-gold,80,2019-09-26T00:00:00.000Z,bnb-chain,tokenized-gold,,,,,,,,,,,,,,,,,,,,,,,,,,,,339687.165,339687.165,,71,,,,2022-08-04T20:15:00.000Z,1787.848399363048,17793127.53165799,-36.8371,-0.12191601,1.56944772,2.00141787,0.86352406,-4.08102237,-4.93050392,607309154.2294215,0.0574,607309154.23,,2022-08-04T20:15:00.000Z,,,1027,Ethereum,ETH,ethereum,0x45804880de22913dafe09f4980848ece6ecbaf78
1697,Basic Attention Token,BAT,basic-attention-token,316,2017-06-01T00:00:00.000Z,marketing,content-creation,defi,payments,dcg-portfolio,1confirmation-portfolio,pantera-capital-portfolio,web3,bnb-chain,,,,,,,,,,,,,,,,,,,,1500000000,1496166510.4163349,1500000000,,72,,,,2022-08-04T20:15:00.000Z,0.40034864189232977,43996868.95582157,-0.3039,-0.01359225,-1.210306,-2.60513993,-10.73347022,4.04072296,-31.18785859,598988230.4899659,0.0567,600522962.84,,2022-08-04T20:15:00.000Z,,,1027,Ethereum,ETH,ethereum,0x0d8775f648430679a709e98d2b0cb6250d2887ef
7186,PancakeSwap,CAKE,pancakeswap,334,2020-09-25T00:00:00.000Z,collectibles-nfts,decentralized-exchange,defi,smart-contracts,yield-farming,binance-chain,amm,dex,governance,bnb-chain,,,,,,,,,,,,,,,,,,,750000000,146107632.59495464,319812724.4147345,,73,,,0.18482364,2022-08-04T20:15:00.000Z,4.041199595608852,72391731.74789196,16.4758,0.73160132,0.54099827,12.06845269,29.2164391,-8.77705105,-46.25330989,590450105.7580974,0.0558,3030899696.71,3194667685.20819,2022-08-04T20:15:00.000Z,,,1839,BNB,BNB,bnb,0x0e09fabb73bd3ade0a17ecc321fd13a19e81ce82
2469,Zilliqa,ZIL,zilliqa,207,2018-01-25T00:00:00.000Z,mineable,platform,payments,smart-contracts,polychain-capital-portfolio,kenetic-capital-portfolio,zilliqa-ecosystem,bnb-chain,,,,,,,,,,,,,,,,,,,,,21000000000,13127338791.622889,16418805944.622889,,74,,,,2022-08-04T20:15:00.000Z,0.042763151952902,195375488.87485975,11.8431,0.01651667,0.47117796,1.03659241,7.58363698,-14.83356959,-46.00008874,561366383.4833945,0.0531,898026191.01,,2022-08-04T20:15:00.000Z,,,,,,,
1934,Loopring,LRC,loopring,215,2017-08-30T00:00:00.000Z,marketplace,decentralized-exchange,defi,scaling,rollups,,,,,,,,,,,,,,,,,,,,,,,,1374513896,1330088529.837908,1373873437.4424574,,75,,,2.95114771,2022-08-04T20:15:00.000Z,0.4139374774931662,89246863.66353045,61.4858,-0.40323359,-0.50795907,-3.48640158,-0.09816087,-19.85229048,-42.93845172,550573490.8836975,0.0521,568962814.89,186562499.00127,2022-08-04T20:15:00.000Z,,,1027,Ethereum,ETH,ethereum,0xbbbbca6a901c926f240b89eacb641d8aec7aeafd
18069,STEPN,GMT,green-metaverse-token,127,2022-03-09T12:47:15.000Z,collectibles-nfts,gaming,binance-smart-chain,binance-launchpad,solana-ecosystem,bnb-chain,move-to-earn,,,,,,,,,,,,,,,,,,,,,,6000000000,600000000,6000000000,,76,,,,2022-08-04T20:15:00.000Z,0.9062912796292991,240846634.50127164,-3.9751,-0.17219643,-3.56713119,-11.80256596,-4.78355951,-4.92495627,-63.24491747,543774767.7775794,0.0514,5437747677.78,,2022-08-04T20:15:00.000Z,,,1839,BNB,BNB,bnb,0x3019BF2a2eF8040C242C9a4c5c4BD4C81678b2A1
131,Dash,DASH,dash,346,2014-02-14T00:00:00.000Z,mineable,hybrid-pow-pos,x11,medium-of-exchange,masternodes,dao,governance,,,,,,,,,,,,,,,,,,,,,,18900000,10850979.56926767,10850979.56926767,,77,,,,2022-08-04T20:15:00.000Z,49.01502437519594,84043483.47767858,-5.7997,-0.26337345,-1.84418695,-7.10926366,10.84888308,-17.02867181,-43.93177609,531861028.082408,0.0503,926383960.69,,2022-08-04T20:15:00.000Z,,,,,,,
5034,Kusama,KSM,kusama,148,2019-12-12T00:00:00.000Z,substrate,polkadot-ecosystem,cms-holdings-portfolio,kenetic-capital-portfolio,1confirmation-portfolio,vbc-ventures-portfolio,,,,,,,,,,,,,,,,,,,,,,,,8470098.05726206,9651217.45126206,,78,8597992,522550658.9973535,,2022-08-04T20:15:00.000Z,60.77589499936189,33546491.36917633,-17.64,-0.23511896,-4.12358151,-8.29947868,17.7983134,-11.98502638,-51.43728144,514777790.16245806,0.0487,586561378.43,,2022-08-04T20:15:00.000Z,,,,,,,
4846,Kava,KAVA,kava,85,2019-10-25T00:00:00.000Z,cosmos-ecosystem,defi,binance-launchpad,binance-labs-portfolio,lending-borowing,arrington-xrp-capital-portfolio,framework-ventures-portfolio,hashkey-capital-portfolio,injective-ecosystem,,,,,,,,,,,,,,,,,,,,,240433321,245402022,,79,240429829,513181649.27006674,3.04638609,2022-08-04T20:15:00.000Z,2.1344341981379804,52010665.53421301,36.3177,0.65107194,2.03560123,8.23111834,17.08263222,-18.41988035,-43.66707235,513189102.7142866,0.0485,523794468.05,168458326.27847,2022-08-04T20:15:00.000Z,,,1027,Ethereum,ETH,ethereum,0x0C356B7fD36a5357E5A017EF11887ba100C9AB76
5964,Trust Wallet Token,TWT,trust-wallet-token,65,2020-07-30T00:00:00.000Z,polygon-ecosystem,bnb-chain,,,,,,,,,,,,,,,,,,,,,,,,,,,1000000000,416649900,999668148,,80,416649900,501338283.51051664,,2022-08-04T20:15:00.000Z,1.2032602996196966,59298515.48979444,71.6524,2.24132844,14.4223861,21.37682885,57.28302422,95.60515942,30.06518879,501338283.51051664,0.0474,1203260299.62,,2022-08-04T20:15:00.000Z,,,1839,BNB,BNB,bnb,0x4b0f1812e5df2a09796481ff14017e6005508003
2083,Bitcoin Gold,BTG,bitcoin-gold,67,2017-10-23T00:00:00.000Z,mineable,medium-of-exchange,payments,,,,,,,,,,,,,,,,,,,,,,,,,,21000000,17513923.589,17513923.589,,81,,,,2022-08-04T20:15:00.000Z,28.24742370362491,21767892.69485662,-53.2596,-0.00020372,-6.62887539,1.86661844,77.85829944,28.11696418,2.00010238,494723220.33139414,0.0468,593195897.78,,2022-08-04T20:15:00.000Z,,,,,,,
8646,Mina,MINA,mina,67,2021-03-02T00:00:00.000Z,pos,zero-knowledge-proofs,staking,coinbase-ventures-portfolio,three-arrows-capital-portfolio,polychain-capital-portfolio,,,,,,,,,,,,,,,,,,,,,,,,618195551.8400393,824104972,,82,,,,2022-08-04T20:15:00.000Z,0.7833547907383286,23685243.65423915,-5.3577,-0.22393321,-3.30409204,3.45533673,18.79300583,-8.09089031,-57.11576441,484266447.1470195,0.0458,645566577.89,,2022-08-04T20:15:00.000Z,,,,,,,
5567,Celo,CELO,celo,116,2020-05-22T00:00:00.000Z,pos,zero-knowledge-proofs,mobile,payments,smart-contracts,coinbase-ventures-portfolio,polychain-capital-portfolio,dragonfly-capital-portfolio,electric-capital-portfolio,a16z-portfolio,celo-ecosystem,,,,,,,,,,,,,,,,,,1000000000,456611349,1000000000,,84,,,,2022-08-04T20:15:00.000Z,1.0079167198460883,18987478.19700171,3.8329,-0.61575447,-2.21567537,2.4224908,8.11326142,-22.77635337,-57.2037981,460226213.1285775,0.0435,1007916719.85,,2022-08-04T20:15:00.000Z,,,,,,,
5632,Arweave,AR,arweave,66,2020-05-27T00:00:00.000Z,distributed-computing,filesharing,storage,coinbase-ventures-portfolio,solana-ecosystem,arrington-xrp-capital-portfolio,blockchain-capital-portfolio,a16z-portfolio,multicoin-capital-portfolio,web3,,,,,,,,,,,,,,,,,,,66000000,33394701,63190435,,83,,,,2022-08-04T20:15:00.000Z,13.793641824219282,39773019.93085264,-31.7292,0.01622083,-5.55620029,-3.44123509,11.39127909,6.50461649,-37.97662755,460634544.4208975,0.0436,910380360.4,,2022-08-04T20:15:00.000Z,,,,,,,
8104,1inch Network,1INCH,1inch,246,2020-12-25T00:00:00.000Z,decentralized-exchange,defi,amm,binance-labs-portfolio,blockchain-capital-portfolio,dragonfly-capital-portfolio,fabric-ventures-portfolio,alameda-research-portfolio,parafi-capital,spartan-group,bnb-chain,,,,,,,,,,,,,,,,,,,570831693.3135878,1500000000,,85,570831693.3135878,450754425.95873034,,2022-08-04T20:15:00.000Z,0.7896450586724997,89952664.37756741,-0.7326,0.11967407,-1.26232208,0.05905717,25.01492759,-9.06417714,-40.87821608,450754425.95873034,0.0426,1184467588.01,,2022-08-04T20:15:00.000Z,,,1027,Ethereum,ETH,ethereum,0x111111111117dc0aa78b770fa6a738034120c302
11840,Optimism,OP,optimism-ethereum,83,2022-05-31T16:19:46.000Z,,,,,,,,,,,,,,,,,,,,,,,,,,,,,,234748364,4294967296,,86,214748364,411353037.13647705,,2022-08-04T20:15:00.000Z,1.9155118552450396,712428085.8593364,24.5033,0.79848169,-2.02868083,32.21347223,252.83265348,56.15749046,-58.07732424,449663274.2413779,0.0425,8227060773.38,,2022-08-04T20:15:00.000Z,,,11840,Optimism,OP,optimism-ethereum,0x4200000000000000000000000000000000000042
873,NEM,XEM,nem,126,2015-04-01T00:00:00.000Z,poi,medium-of-exchange,payments,smart-contracts,fantom-ecosystem,,,,,,,,,,,,,,,,,,,,,,,,8999999999,8999999999,8999999999,,87,,,,2022-08-04T20:15:00.000Z,0.04981483626265958,9606903.77316321,-7.7343,-0.37013183,-1.14315143,0.09020004,22.53753943,-3.21645082,-40.11720149,448333526.3141214,0.0424,448333526.31,,2022-08-04T20:15:00.000Z,,,,,,,
9903,Convex Finance,CVX,convex-finance,116,2021-05-18T00:00:00.000Z,defi,yield-aggregator,,,,,,,,,,,,,,,,,,,,,,,,,,,100000000,66301199.54087554,93413677.58308302,,88,2814665,18752253.725214638,0.09926266,2022-08-04T20:15:00.000Z,6.662339470315167,7632005.53388393,-14.0081,0.34750141,-5.38640029,-15.12178378,11.61941309,-21.32363561,-71.04386949,441721098.6304169,0.0418,666233947.03,4450022800.6832,2022-08-04T20:15:00.000Z,,,1027,Ethereum,ETH,ethereum,0x4e3fbd56cd56c3e72c1403e103b45db9da5b9d2b
2586,Synthetix,SNX,synthetix-network-token,264,2018-03-14T00:00:00.000Z,services,decentralized-exchange,defi,derivatives,dao,yield-farming,coinbase-ventures-portfolio,three-arrows-capital-portfolio,governance,synthetics,defiance-capital-portfolio,framework-ventures-portfolio,alameda-research-portfolio,parafi-capital,paradigm-portfolio,fantom-ecosystem,spartan-group,bnb-chain,,,,,,,,,,,212424133,114841533.01197928,215258834.2449152,,89,,,,2022-08-04T20:15:00.000Z,3.7218133847672497,124246618.97652152,-21.4789,-0.19734036,-4.43561992,-12.72494828,36.82236455,39.84119508,-19.25962519,427418754.69117445,0.0404,790602981.45,,2022-08-04T20:15:00.000Z,,,1027,Ethereum,ETH,ethereum,0xc011a73ee8576fb46f5e1c5751ca3b9fe0af2a6f
8642,Fei USD,FEI,fei-usd,51,2021-03-02T00:00:00.000Z,defi,stablecoin,algorithmic-stablecoin,,,,,,,,,,,,,,,,,,,,,,,,,,,424996177.78890556,426116732.6917724,,90,,,6.85918949,2022-08-04T20:15:00.000Z,0.9862332433782952,1981330.33271988,-3.1169,-0.03806799,-0.06394088,-0.32964282,-1.0073828,-0.93134675,-0.49158196,419145358.84413093,0.0396,420250487.34,61107126.3422,2022-08-04T20:15:00.000Z,,,1027,Ethereum,ETH,ethereum,0x956F47F50A910163D8BF957Cf5846D573E7f87CA
2694,Nexo,NEXO,nexo,81,2018-05-01T00:00:00.000Z,services,payments,cardano-ecosystem,,,,,,,,,,,,,,,,,,,,,,,,,,1000000000,560000011,1000000000,,91,,,,2022-08-04T20:15:00.000Z,0.7351118241860582,14229308.20167253,8.2744,0.05514656,-2.24967296,2.03044961,20.07465228,-39.69198502,-61.43373754,411662629.6304227,0.0389,735111824.19,,2022-08-04T20:15:00.000Z,,,1027,Ethereum,ETH,ethereum,0xb62132e35a6c13ee1ee0f84dc5d40bad8d815206
7080,Gala,GALA,gala,179,2020-09-16T00:00:00.000Z,collectibles-nfts,gaming,binance-smart-chain,polygon-ecosystem,play-to-earn,,,,,,,,,,,,,,,,,,,,,,,,,6977205436,35240112493,,93,,,,2022-08-04T20:15:00.000Z,0.058371807492639045,301870663.5442875,-8.3838,-0.20182998,-3.6229251,9.9676766,7.59148089,-23.31558752,-60.3452933,407272092.54678667,0.0385,2057029062.46,,2022-08-04T20:15:00.000Z,,,1027,Ethereum,ETH,ethereum,0x15D4c048F83bd7e37d49eA4C83a07267Ec4203dA
1684,Qtum,QTUM,qtum,189,2017-05-24T00:00:00.000Z,platform,smart-contracts,kenetic-capital-portfolio,,,,,,,,,,,,,,,,,,,,,,,,,,107822406,104274124,103944501,,92,,,,2022-08-04T20:15:00.000Z,3.9070448984400805,71887464.38899767,-15.4277,-0.02427639,-3.81056049,-11.59045485,35.52702218,-0.55349623,-27.93015423,407403684.21350837,0.0385,421266981.3,,2022-08-04T20:15:00.000Z,,,,,,,
2682,Holo,HOT,holo,120,2018-04-29T00:00:00.000Z,platform,distributed-computing,filesharing,storage,,,,,,,,,,,,,,,,,,,,,,,,,,173342974126.73712,177619433541.14133,,94,,,,2022-08-04T20:15:00.000Z,0.0023434976412031417,60754359.63010675,27.1633,-0.36621796,-4.27447933,7.61034797,10.5375851,-12.28607748,-41.82181613,406228850.9851457,0.0384,416250723.54,,2022-08-04T20:15:00.000Z,,,1027,Ethereum,ETH,ethereum,0x6c6ee5e31d828de241282b9606c8e98ea48526e2
5692,Compound,COMP,compound,278,2020-06-16T00:00:00.000Z,defi,dao,yield-farming,polkadot-ecosystem,coinbase-ventures-portfolio,three-arrows-capital-portfolio,polychain-capital-portfolio,lending-borowing,dragonfly-capital-portfolio,alameda-research-portfolio,a16z-portfolio,pantera-capital-portfolio,paradigm-portfolio,bnb-chain,,,,,,,,,,,,,,,10000000,7194467.28621437,10000000,,95,,,0.13769577,2022-08-04T20:15:00.000Z,56.415077588754734,102753029.52357715,-12.7432,-0.29581846,-3.54294639,-3.30730992,19.01512269,-4.21017778,-45.29656878,405876430.1615414,0.0384,564150775.89,2947631746.90331,2022-08-04T20:15:00.000Z,,,1027,Ethereum,ETH,ethereum,0xc00e94cb662c3520282e6f5717214004a7f26888
7653,Oasis Network,ROSE,oasis-network,61,2020-11-12T00:00:00.000Z,cosmos-ecosystem,collectibles-nfts,defi,privacy,scaling,smart-contracts,polychain-capital-portfolio,binance-labs-portfolio,arrington-xrp-capital-portfolio,blockchain-capital-portfolio,dragonfly-capital-portfolio,electric-capital-portfolio,kenetic-capital-portfolio,huobi-capital-portfolio,a16z-portfolio,winklevoss-capital-portfolio,pantera-capital-portfolio,,,,,,,,,,,,10000000000,5027383223,10000000000,,96,,,,2022-08-04T20:15:00.000Z,0.0798295440465049,61433757.71351068,-23.0483,0.32733778,-5.26605204,23.64256419,56.03946436,16.91062652,-50.9803294,401333710.43913823,0.038,798295440.47,,2022-08-04T20:15:00.000Z,,,1027,Ethereum,ETH,ethereum,0x26B80FBfC01b71495f477d5237071242e0d959d7
1659,Gnosis,GNO,gnosis-gno,76,2017-05-01T00:00:00.000Z,services,decentralized-exchange,defi,prediction-markets,kenetic-capital-portfolio,arbitrum-ecosytem,,,,,,,,,,,,,,,,,,,,,,,10000000,2579588,3000000,,97,,,17.79871935,2022-08-04T20:15:00.000Z,154.4290374936982,4951402.10727839,50.253,0.35307297,-3.7159356,-5.72163133,31.21722085,-20.47317892,-47.47540658,398363291.97029394,0.0377,1544290374.94,22381570.50239149,2022-08-04T20:15:00.000Z,,,1027,Ethereum,ETH,ethereum,0x6810e776880c02933d47db1b9fc05908e5386b96
5864,yearn.finance,YFI,yearn-finance,291,2020-07-18T00:00:00.000Z,defi,dao,yield-farming,yield-aggregator,yearn-partnerships,three-arrows-capital-portfolio,polychain-capital-portfolio,governance,blockchain-capital-portfolio,framework-ventures-portfolio,alameda-research-portfolio,parafi-capital,fantom-ecosystem,arbitrum-ecosytem,bnb-chain,,,,,,,,,,,,,,36666,36637.72122588,36666,,98,,,0.62908322,2022-08-04T20:15:00.000Z,10484.96609103787,99564558.81022805,-9.1712,-0.37400814,-5.24438664,18.99758082,67.27015881,38.77595369,-37.49107832,384145264.7062502,0.0363,384441766.69,610643000.98805,2022-08-04T20:15:00.000Z,,,1027,Ethereum,ETH,ethereum,0x0bc529c00c6401aef6d220be8c6ea1667f6ad93e
1168,Decred,DCR,decred,57,2016-02-10T00:00:00.000Z,mineable,hybrid-pow-pos,blake256,medium-of-exchange,store-of-value,privacy,dao,placeholder-ventures-portfolio,,,,,,,,,,,,,,,,,,,,,21000000,14238997.01495052,14185885.35481751,,99,,,,2022-08-04T20:15:00.000Z,26.702909975692638,1271538.04080163,-19.0605,0.28186958,-1.14767616,1.11006722,19.62197565,-23.95709629,-47.42878032,380222655.43437994,0.036,560761109.49,,2022-08-04T20:15:00.000Z,,,,,,,
2577,Ravencoin,RVN,ravencoin,97,2018-03-10T00:00:00.000Z,mineable,pow,platform,crowdfunding,,,,,,,,,,,,,,,,,,,,,,,,,21000000000,10473290000,10473290000,,100,,,,2022-08-04T20:15:00.000Z,0.03496576993965719,20180721.43703872,-7.9944,-0.48496939,-6.90890096,4.43224601,48.16342413,26.81781351,-18.22079329,366206648.6513123,0.0346,734281168.73,,2022-08-04T20:15:00.000Z,,,,,,,
